"gene"	"log2FoldChange"	"padj"
"ENSG00000163435.15"	1.07651594856612	1.21355765512983e-07
