"gene"	"log2FoldChange"	"padj"
"ENSG00000185988.11"	1.39360302664945	3.98464589888318e-07
"ENSG00000272799.1"	1.13480635357566	2.11832934836565e-06
"ENSG00000279281.1"	1.05494233620302	0.000544520987944664
