"gene"	"log2FoldChange"	"padj"
"ENSG00000210195.2"	1.7111726245931	7.67481256533568e-13
