"gene"	"log2FoldChange"	"padj"
"ENSG00000174697.4"	1.01705057063468	9.54300868362731e-06
