"gene"	"log2FoldChange"	"padj"
"ENSG00000185988.11"	1.08744357612965	8.66504351518429e-05
