"gene"	"log2FoldChange"	"padj"
"ENSG00000270640.1"	1.85595885198836	2.7362934788275e-17
"ENSG00000215182.8"	1.37919069022529	1.57752082678181e-06
"ENSG00000264204.2"	1.15670294076356	1.92618151676302e-06
"ENSG00000159261.10"	1.10122238759949	0.00146967810894942
"ENSG00000200879.1"	1.04603207070228	0.000195565506311451
"ENSG00000095752.6"	1.03695575203598	1.61265343335784e-05
