"gene"	"log2FoldChange"	"padj"
"ENSG00000229807.10"	2.27345777108886	0.000916301626087328
"ENSG00000246375.2"	1.71023549865993	1.7887683349895e-05
"ENSG00000162763.3"	1.58954406918117	0.000614471026290089
"ENSG00000283378.1"	1.52572129785304	0.00096154412078801
"ENSG00000241054.1"	1.38477963462692	0.00061079064844606
"ENSG00000198734.10"	1.26331496102466	6.0963635348406e-05
"ENSG00000250061.5"	1.19862422391195	0.000677349044170354
