"gene"	"log2FoldChange"	"padj"
"ENSG00000239839.6"	1.41616910309032	1.40479565836034e-05
"ENSG00000200879.1"	1.05680126226192	0.000902627169438239
"ENSG00000237070.1"	1.02910955998959	1.01464465374988e-06
"ENSG00000077274.8"	1.00558802641864	0.000157773567413114
