"gene"	"log2FoldChange"	"padj"
"ENSG00000128965.11"	1.39768541182999	7.87690006213138e-06
"ENSG00000103888.16"	1.18215679760582	0.000166838554304407
"ENSG00000248923.1"	1.12844524749485	0.00117210166301692
