"gene"	"log2FoldChange"	"padj"
"ENSG00000281181.1"	1.79155028126849	0.000692217706056474
"ENSG00000137392.9"	1.72671504490256	0.000990054727106015
"ENSG00000202538.1"	1.58404079629251	0.000195606801225729
"ENSG00000170890.13"	1.38370153826619	0.0014870434061651
"ENSG00000170827.9"	1.27915292423143	0.000489485839015964
"ENSG00000010438.16"	1.18078727032728	0.000311447193459993
"ENSG00000162438.11"	1.15251572570013	0.000545631427861699
"ENSG00000073737.16"	1.12198130257934	8.84586652986418e-05
"ENSG00000250746.1"	1.00151284451257	5.91335780973155e-05
