"gene"	"log2FoldChange"	"padj"
"ENSG00000010438.16"	1.1908657296013	0.000348593296945294
"ENSG00000162438.11"	1.07117208818761	0.00131507233449058
