"gene"	"log2FoldChange"	"padj"
"ENSG00000210195.2"	1.10283573088207	2.05948631430334e-05
