"gene"	"log2FoldChange"	"padj"
"ENSG00000215182.8"	1.4006787867995	4.28019687340202e-05
