"gene"	"log2FoldChange"	"padj"
"ENSG00000219073.7"	1.16039207453367	8.09759503747109e-05
"ENSG00000142789.19"	1.05562120917789	0.000317941452613793
