"gene"	"log2FoldChange"	"padj"
"ENSG00000214940.8"	1.17956626801917	1.90443428112022e-05
