"gene"	"log2FoldChange"	"padj"
"ENSG00000163435.15"	1.12362522235334	2.52981781270406e-10
"ENSG00000159261.10"	1.05055076988113	4.70933048683804e-06
"ENSG00000169429.10"	1.0346775662415	2.09961568078639e-09
"ENSG00000239839.6"	1.01734875763122	3.94868195570598e-07
