"gene"	"log2FoldChange"	"padj"
"ENSG00000163435.15"	1.04224510162268	5.62486786097989e-07
