"gene"	"log2FoldChange"	"padj"
"ENSG00000223609.7"	1.13691553532531	0.000196770046675162
