"gene"	"log2FoldChange"	"padj"
"ENSG00000279431.1"	1.09487631956525	4.04365352215375e-14
"ENSG00000073737.16"	1.01958129582568	4.55589851096856e-18
