"gene"	"log2FoldChange"	"padj"
"ENSG00000281181.1"	1.49058645885019	1.51966269152845e-05
"ENSG00000202538.1"	1.32693966416373	1.44372773945081e-06
"ENSG00000279431.1"	1.0137286997641	4.79941536066723e-06
