"gene"	"log2FoldChange"	"padj"
"ENSG00000062038.13"	1.33228553160605	0.00021472116691437
"ENSG00000248923.1"	1.31629068651213	1.58669834515902e-05
"ENSG00000103888.16"	1.28542925874368	7.52923356435735e-05
"ENSG00000135069.13"	1.10489510459044	0.00141613724906973
