"gene"	"log2FoldChange"	"padj"
"ENSG00000248713.1"	1.28536276968083	3.24350986637909e-15
"ENSG00000073737.16"	1.06899516440258	6.94707633721486e-20
"ENSG00000223617.1"	1.06657892854234	9.34468241303872e-15
"ENSG00000231013.1"	1.0187174789624	6.37264039899629e-19
