"gene"	"log2FoldChange"	"padj"
"ENSG00000229828.2"	1.21813917344983	2.3812544062941e-14
"ENSG00000279431.1"	1.20888789050104	6.30354978205654e-13
"ENSG00000223617.1"	1.03116960410853	6.80957897866903e-10
"ENSG00000257647.1"	1.02874135206573	4.83826864985717e-37
"ENSG00000163082.9"	1.00378664003643	3.47635125434511e-22
