"gene"	"log2FoldChange"	"padj"
"ENSG00000223609.7"	1.23996284517227	1.28485966755054e-06
